Returned,Order ID
Yes,CA-2019-100762
Yes,CA-2019-100762
Yes,CA-2019-100762
Yes,CA-2019-100762
Yes,CA-2019-100867
Yes,CA-2019-102652
Yes,CA-2019-102652
Yes,CA-2019-102652
Yes,CA-2019-102652
Yes,CA-2019-103373
Yes,CA-2019-103744
Yes,CA-2019-103744
Yes,CA-2019-103940
Yes,CA-2019-103940
Yes,CA-2019-103940
Yes,CA-2019-103940
Yes,CA-2019-104829
Yes,CA-2019-105270
Yes,CA-2019-105270
Yes,CA-2019-108609
Yes,CA-2019-108861
Yes,CA-2019-109918
Yes,CA-2019-109918
Yes,CA-2019-109918
Yes,CA-2019-110786
Yes,CA-2019-110786
Yes,CA-2019-110786
Yes,CA-2019-110786
Yes,CA-2019-110786
Yes,CA-2019-110786
Yes,CA-2019-110786
Yes,CA-2019-111871
Yes,CA-2019-116785
Yes,CA-2019-116785
Yes,CA-2019-123225
Yes,CA-2019-123225
Yes,CA-2019-123253
Yes,CA-2019-123498
Yes,CA-2019-123498
Yes,CA-2019-124688
Yes,CA-2019-124688
Yes,CA-2019-124688
Yes,CA-2019-126361
Yes,CA-2019-126361
Yes,CA-2019-126361
Yes,CA-2019-126361
Yes,CA-2019-126361
Yes,CA-2019-126361
Yes,CA-2019-126403
Yes,CA-2019-126403
Yes,CA-2019-126403
Yes,CA-2019-126403
Yes,CA-2019-126522
Yes,CA-2019-127012
Yes,CA-2019-127012
Yes,CA-2019-127012
Yes,CA-2019-127131
Yes,CA-2019-127131
Yes,CA-2019-127131
Yes,CA-2019-127131
Yes,CA-2019-133690
Yes,CA-2019-133690
Yes,CA-2019-134726
Yes,CA-2019-134726
Yes,CA-2019-135657
Yes,CA-2019-135699
Yes,CA-2019-135699
Yes,CA-2019-140816
Yes,CA-2019-141726
Yes,CA-2019-141726
Yes,CA-2019-141726
Yes,CA-2019-141726
Yes,CA-2019-142769
Yes,CA-2019-142769
Yes,CA-2019-142769
Yes,CA-2019-142769
Yes,CA-2019-142769
Yes,CA-2019-142769
Yes,CA-2019-142769
Yes,CA-2019-142769
Yes,CA-2019-143336
Yes,CA-2019-143336
Yes,CA-2019-143336
Yes,CA-2019-143840
Yes,CA-2019-143840
Yes,CA-2019-148614
Yes,CA-2019-148614
Yes,CA-2019-148950
Yes,CA-2019-148950
Yes,CA-2019-148950
Yes,CA-2019-151162
Yes,CA-2019-151162
Yes,CA-2019-151162
Yes,CA-2019-151162
Yes,CA-2019-151162
Yes,CA-2019-152345
Yes,CA-2019-152345
Yes,CA-2019-153150
Yes,CA-2019-156349
Yes,CA-2019-156349
Yes,CA-2019-156349
Yes,CA-2019-157924
Yes,CA-2019-157924
Yes,CA-2019-159338
Yes,CA-2019-160766
Yes,CA-2019-160766
Yes,CA-2019-160766
Yes,CA-2019-160766
Yes,CA-2019-160766
Yes,CA-2019-160766
Yes,CA-2019-160766
Yes,CA-2019-160773
Yes,CA-2019-160773
Yes,CA-2019-164721
Yes,CA-2019-164721
Yes,CA-2019-164721
Yes,CA-2019-164861
Yes,CA-2019-166744
Yes,CA-2019-166744
Yes,CA-2019-166744
Yes,CA-2019-169019
Yes,CA-2019-169019
Yes,CA-2019-169019
Yes,CA-2019-169019
Yes,CA-2019-169019
Yes,CA-2019-169019
Yes,CA-2020-101910
Yes,CA-2020-103716
Yes,CA-2020-103716
Yes,CA-2020-104129
Yes,CA-2020-104129
Yes,CA-2020-105158
Yes,CA-2020-105158
Yes,CA-2020-107678
Yes,CA-2020-107678
Yes,CA-2020-107678
Yes,CA-2020-107678
Yes,CA-2020-109736
Yes,CA-2020-110814
Yes,CA-2020-110814
Yes,CA-2020-110814
Yes,CA-2020-111948
Yes,CA-2020-111948
Yes,CA-2020-112144
Yes,CA-2020-112144
Yes,CA-2020-113628
Yes,CA-2020-113628
Yes,CA-2020-113628
Yes,CA-2020-113628
Yes,CA-2020-113628
Yes,CA-2020-113628
Yes,CA-2020-114048
Yes,CA-2020-116092
Yes,CA-2020-116092
Yes,CA-2020-116092
Yes,CA-2020-116092
Yes,CA-2020-116092
Yes,CA-2020-119214
Yes,CA-2020-119214
Yes,CA-2020-119907
Yes,CA-2020-123568
Yes,CA-2020-123568
Yes,CA-2020-123568
Yes,CA-2020-123568
Yes,CA-2020-124058
Yes,CA-2020-124058
Yes,CA-2020-130456
Yes,CA-2020-130456
Yes,CA-2020-130785
Yes,CA-2020-130785
Yes,CA-2020-130785
Yes,CA-2020-132374
Yes,CA-2020-132941
Yes,CA-2020-132941
Yes,CA-2020-132941
Yes,CA-2020-134075
Yes,CA-2020-134075
Yes,CA-2020-134201
Yes,CA-2020-134201
Yes,CA-2020-135580
Yes,CA-2020-135580
Yes,CA-2020-135580
Yes,CA-2020-135580
Yes,CA-2020-135580
Yes,CA-2020-138674
Yes,CA-2020-138674
Yes,CA-2020-138674
Yes,CA-2020-139731
Yes,CA-2020-139731
Yes,CA-2020-140984
Yes,CA-2020-140984
Yes,CA-2020-140984
Yes,CA-2020-141593
Yes,CA-2020-141593
Yes,CA-2020-141593
Yes,CA-2020-141593
Yes,CA-2020-142601
Yes,CA-2020-142601
Yes,CA-2020-143238
Yes,CA-2020-143490
Yes,CA-2020-143490
Yes,CA-2020-143602
Yes,CA-2020-144267
Yes,CA-2020-144267
Yes,CA-2020-144267
Yes,CA-2020-144267
Yes,CA-2020-146255
Yes,CA-2020-146255
Yes,CA-2020-146255
Yes,CA-2020-146255
Yes,CA-2020-146262
Yes,CA-2020-146262
Yes,CA-2020-146262
Yes,CA-2020-146262
Yes,CA-2020-146262
Yes,CA-2020-146486
Yes,CA-2020-146486
Yes,CA-2020-146486
Yes,CA-2020-146486
Yes,CA-2020-148873
Yes,CA-2020-148873
Yes,CA-2020-149342
Yes,CA-2020-149342
Yes,CA-2020-149342
Yes,CA-2020-149636
Yes,CA-2020-149636
Yes,CA-2020-149650
Yes,CA-2020-150770
Yes,CA-2020-150770
Yes,CA-2020-150770
Yes,CA-2020-150770
Yes,CA-2020-150875
Yes,CA-2020-150875
Yes,CA-2020-151547
Yes,CA-2020-153220
Yes,CA-2020-154970
Yes,CA-2020-155761
Yes,CA-2020-155761
Yes,CA-2020-156440
Yes,CA-2020-157770
Yes,CA-2020-157770
Yes,CA-2020-157770
Yes,CA-2020-157770
Yes,CA-2020-157812
Yes,CA-2020-157812
Yes,CA-2020-157812
Yes,CA-2020-161627
Yes,CA-2020-162166
Yes,CA-2020-162166
Yes,CA-2020-164882
Yes,CA-2020-164882
Yes,CA-2020-164882
Yes,CA-2020-164882
Yes,CA-2020-164882
Yes,CA-2020-164882
Yes,CA-2020-164882
Yes,CA-2020-164882
Yes,CA-2020-164882
Yes,CA-2020-168480
Yes,CA-2020-168480
Yes,CA-2020-168564
Yes,CA-2020-168564
Yes,CA-2020-168564
Yes,CA-2020-169397
Yes,CA-2020-169397
Yes,CA-2020-169397
Yes,CA-2020-169397
Yes,CA-2020-169397
Yes,CA-2020-169397
Yes,CA-2021-104689
Yes,CA-2021-105081
Yes,CA-2021-105081
Yes,CA-2021-105291
Yes,CA-2021-105585
Yes,CA-2021-105585
Yes,CA-2021-106950
Yes,CA-2021-106950
Yes,CA-2021-106950
Yes,CA-2021-106950
Yes,CA-2021-106950
Yes,CA-2021-106950
Yes,CA-2021-109806
Yes,CA-2021-109806
Yes,CA-2021-109806
Yes,CA-2021-109869
Yes,CA-2021-109869
Yes,CA-2021-109869
Yes,CA-2021-109869
Yes,CA-2021-109869
Yes,CA-2021-111682
Yes,CA-2021-111682
Yes,CA-2021-111682
Yes,CA-2021-111682
Yes,CA-2021-111682
Yes,CA-2021-111682
Yes,CA-2021-111682
Yes,CA-2021-112123
Yes,CA-2021-112123
Yes,CA-2021-112123
Yes,CA-2021-112340
Yes,CA-2021-113341
Yes,CA-2021-114307
Yes,CA-2021-114307
Yes,CA-2021-114307
Yes,CA-2021-114307
Yes,CA-2021-114727
Yes,CA-2021-114727
Yes,CA-2021-114727
Yes,CA-2021-114727
Yes,CA-2021-114727
Yes,CA-2021-115917
Yes,CA-2021-115917
Yes,CA-2021-116547
Yes,CA-2021-116547
Yes,CA-2021-116736
Yes,CA-2021-116736
Yes,CA-2021-116736
Yes,CA-2021-118311
Yes,CA-2021-118500
Yes,CA-2021-118899
Yes,CA-2021-120873
Yes,CA-2021-123526
Yes,CA-2021-124527
Yes,CA-2021-126529
Yes,CA-2021-126529
Yes,CA-2021-126529
Yes,CA-2021-126732
Yes,CA-2021-126732
Yes,CA-2021-126732
Yes,CA-2021-126732
Yes,CA-2021-126732
Yes,CA-2021-126732
Yes,CA-2021-128671
Yes,CA-2021-128671
Yes,CA-2021-128671
Yes,CA-2021-130477
Yes,CA-2021-130477
Yes,CA-2021-130477
Yes,CA-2021-130638
Yes,CA-2021-130638
Yes,CA-2021-130680
Yes,CA-2021-133319
Yes,CA-2021-133368
Yes,CA-2021-133368
Yes,CA-2021-133802
Yes,CA-2021-134775
Yes,CA-2021-134775
Yes,CA-2021-134803
Yes,CA-2021-134803
Yes,CA-2021-134803
Yes,CA-2021-134803
Yes,CA-2021-134803
Yes,CA-2021-136483
Yes,CA-2021-136924
Yes,CA-2021-138282
Yes,CA-2021-139269
Yes,CA-2021-139269
Yes,CA-2021-139269
Yes,CA-2021-142398
Yes,CA-2021-142398
Yes,CA-2021-145261
Yes,CA-2021-145261
Yes,CA-2021-145261
Yes,CA-2021-145261
Yes,CA-2021-145261
Yes,CA-2021-145261
Yes,CA-2021-145261
Yes,CA-2021-145492
Yes,CA-2021-145583
Yes,CA-2021-145583
Yes,CA-2021-145583
Yes,CA-2021-145583
Yes,CA-2021-145583
Yes,CA-2021-145583
Yes,CA-2021-145583
Yes,CA-2021-145919
Yes,CA-2021-145919
Yes,CA-2021-145919
Yes,CA-2021-145982
Yes,CA-2021-145982
Yes,CA-2021-145982
Yes,CA-2021-145982
Yes,CA-2021-145982
Yes,CA-2021-145982
Yes,CA-2021-147375
Yes,CA-2021-147375
Yes,CA-2021-148796
Yes,CA-2021-150077
Yes,CA-2021-151323
Yes,CA-2021-151372
Yes,CA-2021-151372
Yes,CA-2021-151372
Yes,CA-2021-152814
Yes,CA-2021-157280
Yes,CA-2021-157280
Yes,CA-2021-157280
Yes,CA-2021-159023
Yes,CA-2021-159023
Yes,CA-2021-159212
Yes,CA-2021-159212
Yes,CA-2021-159345
Yes,CA-2021-161746
Yes,CA-2021-161746
Yes,CA-2021-161746
Yes,CA-2021-161746
Yes,CA-2021-162138
Yes,CA-2021-162138
Yes,CA-2021-162159
Yes,CA-2021-165330
Yes,CA-2021-165330
Yes,CA-2021-165330
Yes,CA-2021-165330
Yes,CA-2021-165330
Yes,CA-2021-165330
Yes,CA-2021-165330
Yes,CA-2021-165330
Yes,CA-2021-165330
Yes,CA-2021-165330
Yes,CA-2021-165330
Yes,CA-2021-166275
Yes,CA-2021-167759
Yes,CA-2021-168921
Yes,CA-2022-100111
Yes,CA-2022-100111
Yes,CA-2022-100111
Yes,CA-2022-100111
Yes,CA-2022-100111
Yes,CA-2022-100111
Yes,CA-2022-100111
Yes,CA-2022-100111
Yes,CA-2022-100111
Yes,CA-2022-100111
Yes,CA-2022-100111
Yes,CA-2022-100111
Yes,CA-2022-100111
Yes,CA-2022-100111
Yes,CA-2022-101273
Yes,CA-2022-101574
Yes,CA-2022-101700
Yes,CA-2022-101700
Yes,CA-2022-101805
Yes,CA-2022-101805
Yes,CA-2022-101805
Yes,CA-2022-102519
Yes,CA-2022-102519
Yes,CA-2022-103380
Yes,CA-2022-103380
Yes,CA-2022-103380
Yes,CA-2022-103380
Yes,CA-2022-103380
Yes,CA-2022-107825
Yes,CA-2022-107825
Yes,CA-2022-107825
Yes,CA-2022-107825
Yes,CA-2022-108294
Yes,CA-2022-108931
Yes,CA-2022-108931
Yes,CA-2022-109085
Yes,CA-2022-109085
Yes,CA-2022-109085
Yes,CA-2022-109085
Yes,CA-2022-109085
Yes,CA-2022-111556
Yes,CA-2022-111556
Yes,CA-2022-111556
Yes,CA-2022-111556
Yes,CA-2022-112725
Yes,CA-2022-112725
Yes,CA-2022-112725
Yes,CA-2022-112753
Yes,CA-2022-112753
Yes,CA-2022-112865
Yes,CA-2022-113670
Yes,CA-2022-113670
Yes,CA-2022-115427
Yes,CA-2022-115427
Yes,CA-2022-115994
Yes,CA-2022-115994
Yes,CA-2022-117212
Yes,CA-2022-117212
Yes,CA-2022-117212
Yes,CA-2022-117212
Yes,CA-2022-117212
Yes,CA-2022-117513
Yes,CA-2022-117926
Yes,CA-2022-118122
Yes,CA-2022-118542
Yes,CA-2022-118542
Yes,CA-2022-119284
Yes,CA-2022-119284
Yes,CA-2022-119284
Yes,CA-2022-119284
Yes,CA-2022-119284
Yes,CA-2022-119284
Yes,CA-2022-119284
Yes,CA-2022-121258
Yes,CA-2022-121258
Yes,CA-2022-121258
Yes,CA-2022-121853
Yes,CA-2022-121853
Yes,CA-2022-121853
Yes,CA-2022-122007
Yes,CA-2022-122504
Yes,CA-2022-122504
Yes,CA-2022-123085
Yes,CA-2022-123085
Yes,CA-2022-123491
Yes,CA-2022-123491
Yes,CA-2022-123491
Yes,CA-2022-123491
Yes,CA-2022-123491
Yes,CA-2022-123491
Yes,CA-2022-124401
Yes,CA-2022-124401
Yes,CA-2022-127306
Yes,CA-2022-127306
Yes,CA-2022-127306
Yes,CA-2022-127306
Yes,CA-2022-127306
Yes,CA-2022-128965
Yes,CA-2022-128965
Yes,CA-2022-128965
Yes,CA-2022-128965
Yes,CA-2022-128965
Yes,CA-2022-128965
Yes,CA-2022-129707
Yes,CA-2022-130631
Yes,CA-2022-130631
Yes,CA-2022-131492
Yes,CA-2022-131492
Yes,CA-2022-131492
Yes,CA-2022-131492
Yes,CA-2022-131618
Yes,CA-2022-131618
Yes,CA-2022-131618
Yes,CA-2022-131807
Yes,CA-2022-131807
Yes,CA-2022-131807
Yes,CA-2022-131807
Yes,CA-2022-131807
Yes,CA-2022-131807
Yes,CA-2022-131828
Yes,CA-2022-131828
Yes,CA-2022-132346
Yes,CA-2022-134194
Yes,CA-2022-134194
Yes,CA-2022-134194
Yes,CA-2022-134194
Yes,CA-2022-134194
Yes,CA-2022-135692
Yes,CA-2022-135692
Yes,CA-2022-136308
Yes,CA-2022-136539
Yes,CA-2022-136539
Yes,CA-2022-136651
Yes,CA-2022-136651
Yes,CA-2022-136651
Yes,CA-2022-137085
Yes,CA-2022-137099
Yes,CA-2022-137414
Yes,CA-2022-137414
Yes,CA-2022-137428
Yes,CA-2022-137428
Yes,CA-2022-137428
Yes,CA-2022-137428
Yes,CA-2022-138163
Yes,CA-2022-140053
Yes,CA-2022-140151
Yes,CA-2022-140151
Yes,CA-2022-140151
Yes,CA-2022-140186
Yes,CA-2022-140186
Yes,CA-2022-140186
Yes,CA-2022-140186
Yes,CA-2022-140186
Yes,CA-2022-140585
Yes,CA-2022-140585
Yes,CA-2022-140585
Yes,CA-2022-140963
Yes,CA-2022-140963
Yes,CA-2022-140963
Yes,CA-2022-141929
Yes,CA-2022-141929
Yes,CA-2022-141929
Yes,CA-2022-142328
Yes,CA-2022-142342
Yes,CA-2022-142342
Yes,CA-2022-142342
Yes,CA-2022-142342
Yes,CA-2022-142867
Yes,CA-2022-142867
Yes,CA-2022-142888
Yes,CA-2022-143084
Yes,CA-2022-143084
Yes,CA-2022-144064
Yes,CA-2022-144064
Yes,CA-2022-144064
Yes,CA-2022-145128
Yes,CA-2022-145772
Yes,CA-2022-145772
Yes,CA-2022-145772
Yes,CA-2022-147452
Yes,CA-2022-147452
Yes,CA-2022-147452
Yes,CA-2022-150609
Yes,CA-2022-150910
Yes,CA-2022-150910
Yes,CA-2022-150910
Yes,CA-2022-150910
Yes,CA-2022-150910
Yes,CA-2022-152660
Yes,CA-2022-153822
Yes,CA-2022-153822
Yes,CA-2022-153822
Yes,CA-2022-153822
Yes,CA-2022-154074
Yes,CA-2022-154074
Yes,CA-2022-154214
Yes,CA-2022-154949
Yes,CA-2022-155712
Yes,CA-2022-156391
Yes,CA-2022-156958
Yes,CA-2022-156958
Yes,CA-2022-156958
Yes,CA-2022-156958
Yes,CA-2022-156958
Yes,CA-2022-157196
Yes,CA-2022-158729
Yes,CA-2022-159954
Yes,CA-2022-161459
Yes,CA-2022-161459
Yes,CA-2022-161557
Yes,CA-2022-161956
Yes,CA-2022-161956
Yes,CA-2022-161956
Yes,CA-2022-161956
Yes,CA-2022-161956
Yes,CA-2022-161956
Yes,CA-2022-161956
Yes,CA-2022-161956
Yes,CA-2022-162015
Yes,CA-2022-162015
Yes,CA-2022-165008
Yes,CA-2022-165491
Yes,CA-2022-166093
Yes,CA-2022-166093
Yes,CA-2022-166093
Yes,CA-2022-166093
Yes,CA-2022-166093
Yes,CA-2022-166093
Yes,CA-2022-166093
Yes,CA-2022-166142
Yes,CA-2022-166142
Yes,CA-2022-166898
Yes,CA-2022-166898
Yes,CA-2022-167003
Yes,CA-2022-167395
Yes,CA-2022-167395
Yes,CA-2022-167395
Yes,CA-2022-168193
Yes,CA-2022-168193
Yes,CA-2022-169327
Yes,CA-2022-169327
Yes,CA-2022-169327
Yes,CA-2022-169859
Yes,CA-2022-169859
Yes,CA-2022-169859
Yes,CA-2022-169894
Yes,CA-2022-169894
Yes,US-2019-105137
Yes,US-2019-105137
Yes,US-2019-138758
Yes,US-2019-138758
Yes,US-2019-140452
Yes,US-2019-140452
Yes,US-2019-140452
Yes,US-2019-140452
Yes,US-2019-140452
Yes,US-2019-140452
Yes,US-2019-143287
Yes,US-2019-143287
Yes,US-2019-143287
Yes,US-2019-150574
Yes,US-2019-150574
Yes,US-2019-164406
Yes,US-2019-164406
Yes,US-2019-164406
Yes,US-2019-164406
Yes,US-2019-164406
Yes,US-2019-164763
Yes,US-2019-164763
Yes,US-2019-164763
Yes,US-2019-164763
Yes,US-2019-164763
Yes,US-2020-110569
Yes,US-2020-110569
Yes,US-2020-126214
Yes,US-2020-126214
Yes,US-2020-128090
Yes,US-2020-128090
Yes,US-2020-128090
Yes,US-2020-128090
Yes,US-2020-136749
Yes,US-2020-136749
Yes,US-2020-136987
Yes,US-2020-136987
Yes,US-2020-137008
Yes,US-2020-137008
Yes,US-2020-137008
Yes,US-2020-160857
Yes,US-2020-160857
Yes,US-2020-160857
Yes,US-2020-160857
Yes,US-2020-160857
Yes,US-2021-105578
Yes,US-2021-105578
Yes,US-2021-105578
Yes,US-2021-105578
Yes,US-2021-105578
Yes,US-2021-108455
Yes,US-2021-108455
Yes,US-2021-108455
Yes,US-2021-111528
Yes,US-2021-111528
Yes,US-2021-114230
Yes,US-2021-114293
Yes,US-2021-115952
Yes,US-2021-119046
Yes,US-2021-119046
Yes,US-2021-119046
Yes,US-2021-127425
Yes,US-2021-127425
Yes,US-2021-131149
Yes,US-2021-131149
Yes,US-2021-135720
Yes,US-2021-135720
Yes,US-2021-135720
Yes,US-2021-140172
Yes,US-2021-140172
Yes,US-2021-144057
Yes,US-2021-144057
Yes,US-2021-144057
Yes,US-2021-144057
Yes,US-2021-144057
Yes,US-2021-148957
Yes,US-2021-151827
Yes,US-2021-151827
Yes,US-2021-152051
Yes,US-2021-152051
Yes,US-2021-152051
Yes,US-2021-156986
Yes,US-2021-156986
Yes,US-2021-156986
Yes,US-2021-156986
Yes,US-2021-157490
Yes,US-2021-157490
Yes,US-2021-157490
Yes,US-2021-157490
Yes,US-2022-103247
Yes,US-2022-103247
Yes,US-2022-103828
Yes,US-2022-103828
Yes,US-2022-103828
Yes,US-2022-103828
Yes,US-2022-105046
Yes,US-2022-105046
Yes,US-2022-105046
Yes,US-2022-107888
Yes,US-2022-107888
Yes,US-2022-107888
Yes,US-2022-107888
Yes,US-2022-109253
Yes,US-2022-109253
Yes,US-2022-109253
Yes,US-2022-109253
Yes,US-2022-109253
Yes,US-2022-109253
Yes,US-2022-109253
Yes,US-2022-118087
Yes,US-2022-118087
Yes,US-2022-118087
Yes,US-2022-118087
Yes,US-2022-118087
Yes,US-2022-118087
Yes,US-2022-118087
Yes,US-2022-118087
Yes,US-2022-123834
Yes,US-2022-136679
Yes,US-2022-136679
Yes,US-2022-147886
Yes,US-2022-147886
Yes,US-2022-147886
Yes,US-2022-147886
Yes,US-2022-147886
Yes,US-2022-147886
Yes,US-2022-147886
Yes,US-2022-147998
Yes,US-2022-151127
Yes,US-2022-155999
Yes,US-2022-155999